{
  "project_info": {
    "project_number": "1092037303200",
    "project_id": "cityinsightmaps",
    "storage_bucket": "cityinsightmaps.firebasestorage.app"
  },
  "client": [
    {
      "client_info": {
        "mobilesdk_app_id": "1:1092037303200:android:ffe3b3b265ace8e0c9e2c5",
        "android_client_info": {
          "package_name": "com.example.cityinsightmaps"
        }
      },
      "oauth_client": [],
      "api_key": [
        {
          "current_key": "AIzaSyCHvo5acdX-sgm2znkf8zbr923ChpirCuU"
        }
      ],
      "services": {
        "appinvite_service": {
          "other_platform_oauth_client": []
        }
      }
    }
  ],
  "configuration_version": "1"
}